product_id,resource_id,time_required
P001,R001,0.9846269815963149
P001,R002,1.8765314151134393
P002,R001,1.5794693187598576
P002,R002,1.6200173690126318
P002,R003,1.0965677542640861
P003,R002,1.2365221588451427
P004,R001,1.4090881780590085
P004,R002,0.5880568763381542
P004,R003,0.9314377213288612
P005,R002,0.21005212910946802
P005,R003,1.6357999754871162
