product_id,name,category,unit_cost,annual_demand,daily_demand,lead_time_days,order_cost,holding_cost_pct,holding_cost,current_stock,std_dev_demand
P001,Premium Widget,A,25.0,3341,9.153424657534247,18,192,0.19439857578530012,4.859964394632503,401,13.420956445380893
P002,Standard Widget,B,15.0,2778,7.610958904109589,15,155,0.21486511289567078,3.222976693435062,451,20.198941087020266
P003,Economy Widget,C,8.0,9521,26.084931506849315,13,102,0.1610122863550851,1.2880982908406808,247,99.13317267151325
P004,Deluxe Gadget,A,45.0,4920,13.479452054794521,12,82,0.15988632844817444,7.1948847801678495,605,31.935203172897104
P005,Basic Gadget,B,20.0,8471,23.208219178082192,12,72,0.15194754120659507,3.038950824131901,674,64.82599487113774
